"First Name","Last Name","Gender","Age","Postal","Balance"
"Lana","Moore","Female","63","9570","531"
"Violet","Richards","Female","67","9071","924"
"Adam","Cole","Male","64","0239","388"
"Heather","Mitchell","Female","63","2470","557"
"Eleanor","Robinson","Female","70","3437","006"
"Maya","Foster","Female","66","1356","119"
"Clark","Baker","Male","67","5562","838"
"Kristian","Holmes","Male","64","2285","166"
"Tess","Davis","Female","66","4127","254"
"Miller","Evans","Male","63","8382","256"
"Haris","Scott","Male","63","6226","318"
"Kelvin","Turner","Male","62","3226","169"
"Lydia","Walker","Female","68","9803","399"
"Adison","Hamilton","Male","61","5404","653"
"Frederick","Barnes","Male","62","0479","661"
"Stella","Armstrong","Female","61","4772","535"
"Charlotte","Ellis","Female","62","0239","866"
"Joyce","Mitchell","Female","69","1003","227"
"Frederick","Phillips","Male","61","5408","267"
"Lydia","Hawkins","Female","61","2191","244"
"Jacob","Brown","Male","69","6755","955"
"Steven","Smith","Male","69","2953","442"
"Victor","Mitchell","Male","60","1526","345"
"Charlie","Adams","Male","63","6922","353"
"Justin","Smith","Male","68","2047","589"
"Adam","Stevens","Male","67","3890","365"
"Olivia","Rogers","Female","66","8977","110"
"Oliver","Lloyd","Male","69","6414","475"
"Samantha","Martin","Female","63","0363","130"
"Florrie","Harper","Female","70","1989","223"
"Samantha","Thomas","Female","67","9884","511"
"Agata","Kelly","Female","64","9602","454"
"Julia","Myers","Female","60","7867","626"
"Oliver","Barnes","Male","70","3171","171"
"Carlos","Mason","Male","61","5405","836"
"Natalie","Cameron","Female","62","7259","257"
"Grace","Edwards","Female","60","1746","498"
"Roland","Ferguson","Male","60","6579","294"
"Fenton","Allen","Male","61","4538","757"
"Maria","Kelley","Female","65","1190","301"
"Lucia","Hawkins","Female","60","6183","118"
"Leonardo","Hall","Male","60","0358","746"
"Kellan","Hawkins","Male","61","7867","484"
"Jessica","Howard","Female","66","7900","219"
"Carlos","Thompson","Male","68","4104","579"
"Briony","Baker","Female","64","8231","594"
"Audrey","Carroll","Female","66","6840","293"
"Myra","Barnes","Female","66","6353","762"
"Evelyn","Williams","Female","64","2538","734"
"Annabella","Owens","Female","70","0537","521"
"Ada","Payne","Female","63","9777","488"
"Edgar","Bailey","Male","64","7424","022"
"Eleanor","Fowler","Female","66","6937","520"
"Freddie","Richards","Male","67","7177","293"
"Ada","West","Female","67","5048","096"
"Briony","Andrews","Female","60","4844","417"
"Stella","Ferguson","Female","66","8627","130"
"Edgar","Thompson","Male","70","9168","422"
"Adele","Allen","Female","68","2408","106"
"Amelia","Smith","Female","64","3775","925"
"Freddie","Spencer","Male","63","1003","701"
"Jessica","Carroll","Female","70","0694","226"
"Audrey","West","Female","61","5982","438"
"Lucy","Morgan","Female","64","5971","438"
"Mary","Richardson","Female","60","4969","171"
"William","Dixon","Male","63","6011","879"
"Grace","Mason","Female","60","4763","264"
"Jack","Harper","Male","65","5511","911"
"Annabella","Myers","Female","66","7951","867"
"Carlos","Morgan","Male","67","3263","754"
"David","Elliott","Male","66","3218","210"
"Hailey","Walker","Female","63","0104","040"
"Freddie","Harris","Male","61","8914","110"
"Chester","Farrell","Male","60","9878","492"
"Ryan","Craig","Male","62","2505","638"
"Michael","Watson","Male","70","4375","759"
"Sabrina","Allen","Female","68","0007","682"
"Edith","Moore","Female","60","7555","099"
"Savana","Carroll","Female","70","8081","546"
"Abraham","Perkins","Male","67","7797","715"
"Vivian","Hall","Female","63","3088","707"
"Aston","Brown","Male","62","9084","816"
"Samantha","Wilson","Female","69","8115","279"
"Derek","Morrison","Male","63","6622","615"
"Charlie","Taylor","Male","66","8101","603"
"John","Henderson","Male","69","7861","822"
"Catherine","Allen","Female","60","1688","406"
"Valeria","Robinson","Female","68","5371","896"
"Aldus","Perry","Male","68","2977","676"
"Kevin","Ross","Male","67","6749","190"
"Sienna","Reed","Female","63","0566","146"
"Isabella","Reed","Female","69","1670","977"
"Edgar","Crawford","Male","69","7402","112"
"Alfred","Harper","Male","64","3724","719"
"Rosie","Foster","Female","60","4385","386"
"Cherry","Richardson","Female","66","5852","311"
"Fenton","Dixon","Male","65","4533","633"
"Kevin","Cooper","Male","63","6153","056"
"Jenna","Dixon","Female","70","6491","236"
"Frederick","Rogers","Male","66","4154","177"
"Elian","Alexander","Male","62","5063","725"
"Sawyer","Mitchell","Male","64","0488","773"
"Arnold","Anderson","Male","69","5527","152"
"Samantha","Scott","Female","61","9289","616"
"Fiona","Carter","Female","63","2998","476"
"Annabella","Casey","Female","70","0611","204"
"Kelsey","Tucker","Female","68","3197","275"
"Arianna","Ross","Female","62","8681","890"
"Stella","Smith","Female","65","9889","556"
"Jessica","Hunt","Female","64","3905","310"
"Abigail","Barnes","Female","61","2024","775"
"Patrick","Sullivan","Male","61","5809","287"
"Kate","Montgomery","Female","62","8424","923"
"Alina","Kelly","Female","66","2868","740"
"Dainton","Baker","Male","60","1977","578"
"Amber","Perry","Female","60","9199","150"
"Grace","Martin","Female","68","4234","116"
"Robert","Kelly","Male","69","4541","299"
"Evelyn","Richardson","Female","63","2788","220"
"Kevin","Walker","Male","63","5064","665"
"Mary","Dixon","Female","69","6899","497"
"Deanna","Carroll","Female","70","9230","143"
"Kelvin","Williams","Male","66","7378","131"
"Max","Craig","Male","64","2387","389"
"Tara","Clark","Female","60","1399","860"
"Albert","Cunningham","Male","64","2060","989"
"Tyler","Dixon","Male","64","6415","860"
"Briony","Cunningham","Female","70","1585","142"
"Arthur","Johnson","Male","68","1118","500"
"Dominik","Taylor","Male","62","9174","339"
"Evelyn","Stevens","Female","67","2993","727"
"Edith","Ellis","Female","68","3245","438"
"Audrey","Smith","Female","68","8209","479"
"Ashton","Parker","Male","67","7835","386"
"Charlotte","Sullivan","Female","64","1421","742"
"Maddie","Murphy","Female","63","7651","218"
"Ashton","Hamilton","Male","63","3277","475"
"Aldus","Bailey","Male","67","7796","519"
"Ned","Campbell","Male","65","6976","903"
"Roman","Hunt","Male","65","1379","328"
"Penelope","Harrison","Female","61","7010","219"
"Nicholas","Adams","Male","70","1366","629"
"Chester","Holmes","Male","62","5279","792"
"Dainton","Wells","Male","67","5322","435"
"Alissa","Wells","Female","63","2914","939"
"Bruce","Brooks","Male","69","5093","903"
"Carlos","Wright","Male","64","5010","643"
"Darcy","Miller","Female","62","8771","076"
"Chelsea","West","Female","67","5281","542"
"Ryan","Phillips","Male","68","0195","792"
"Tess","Jones","Female","62","1117","247"
"Isabella","Montgomery","Female","60","4876","016"
"Arnold","Campbell","Male","70","6925","597"
"Lana","Stevens","Female","61","1870","988"
"Ted","Craig","Male","70","7750","528"
"Alford","Stevens","Male","68","2424","454"
"Melissa","Nelson","Female","65","2185","745"
"Maya","Miller","Female","68","0720","026"
"Fenton","Harper","Male","66","8398","780"
"Connie","Higgins","Female","63","0593","043"
"Paige","Perry","Female","66","0966","250"
"Heather","Craig","Female","69","7699","876"
"Frederick","Sullivan","Male","66","5313","926"
"Rubie","Thompson","Female","65","9877","095"
"Frederick","Harrison","Male","67","4128","907"
"Honey","Taylor","Female","67","6793","773"
"Sydney","Thompson","Female","68","1480","889"
"Michael","Alexander","Male","69","9834","086"
"Lucy","Fowler","Female","68","5976","103"
"Carl","Adams","Male","63","2597","547"
"Carlos","Anderson","Male","61","6826","841"
"Ashton","Richardson","Male","67","3290","491"
"Patrick","Richards","Male","62","6668","368"
"Briony","Kelley","Female","68","9058","748"
"Michael","Richardson","Male","63","7920","477"
"Harold","Wells","Male","61","1896","098"
"Carina","Howard","Female","66","5720","520"
"Adelaide","Robinson","Female","67","4071","978"
"Natalie","Perkins","Female","68","4122","853"
"Brooke","Harper","Female","65","0596","584"
"Ryan","Wilson","Male","61","3398","909"
"Preston","Hill","Male","64","3455","770"
"Rubie","Richardson","Female","61","6446","906"
"Amy","Hall","Female","61","1202","175"
"Lydia","Clark","Female","69","9428","076"
"Miranda","Riley","Female","63","9048","529"
"James","Robinson","Male","67","9189","648"
"Stella","Grant","Female","61","7928","753"
"Tara","Crawford","Female","62","3844","193"
"Jacob","Myers","Male","64","6739","147"
"Caroline","Riley","Female","69","5645","756"
"Wilson","Nelson","Male","61","2480","818"
"Michael","Rogers","Male","66","3008","709"
"Ryan","Wright","Male","64","4843","249"
"Fiona","Casey","Female","65","1679","744"
"Amber","Barrett","Female","64","7081","652"
"Maximilian","Lloyd","Male","65","5954","923"
"Abigail","Myers","Female","69","4558","615"
"Arnold","Edwards","Male","64","6589","954"
"Chelsea","Montgomery","Female","65","3938","060"
"Marcus","Johnston","Male","69","4982","360"
"Miley","Tucker","Female","67","2241","822"
"Rubie","Montgomery","Female","65","2763","135"
"Edith","Barnes","Female","65","7845","783"
"Adrianna","Perry","Female","67","4628","353"
"Adrian","Higgins","Male","66","0997","257"
"Tyler","Ross","Male","67","3072","950"
"Myra","Martin","Female","67","9173","521"
"Arnold","Bailey","Male","64","3032","267"
"Rebecca","Perry","Female","65","7054","943"
"Frederick","Phillips","Male","63","5828","921"
"Lucas","Hawkins","Male","61","6662","870"
"Ada","Montgomery","Female","68","6027","379"
"Alexia","Robinson","Female","61","5974","231"
"Amelia","Ellis","Female","68","2449","808"
"Alford","West","Male","63","4106","351"
"Jessica","Lloyd","Female","61","7253","538"
"Vincent","Ferguson","Male","65","6874","050"
"Sienna","Brown","Female","64","7555","766"
"Jared","Crawford","Male","69","8057","209"
"Naomi","Rogers","Female","62","4734","027"
"Audrey","Clark","Female","60","6308","433"
"Adrian","Davis","Male","66","2574","626"
"Antony","Grant","Male","63","9847","162"
"Lana","Grant","Female","66","4449","290"
"Haris","Morrison","Male","64","6710","599"
"Michael","Kelley","Male","70","4576","866"
"Carlos","Richardson","Male","62","1470","999"
"Justin","Rogers","Male","63","1793","252"
"Kirsten","Jones","Female","64","5690","608"
"Myra","Thomas","Female","63","0566","246"
"Olivia","Martin","Female","68","2535","245"
"Olivia","Gibson","Female","68","5909","462"
"Paige","Carter","Female","61","2180","755"
"Alisa","Roberts","Female","68","2841","609"
"Alford","Warren","Male","64","4609","005"
"Eddy","Morrison","Male","61","0415","925"
"April","Cooper","Female","65","9164","129"
"Aldus","Johnston","Male","62","9106","147"
"Carl","Alexander","Male","68","6765","616"
"Martin","Montgomery","Male","62","9505","817"
"Lucia","Cameron","Female","67","2400","829"
"Isabella","Myers","Female","68","0295","325"
"Carlos","Wilson","Male","69","9942","811"
"Samantha","Armstrong","Female","64","6433","307"
"Garry","Harrison","Male","63","0762","632"
"Thomas","Morgan","Male","62","3583","842"
"Jack","Walker","Male","66","4950","761"
"Hailey","Stewart","Female","68","1924","952"
"Adelaide","Davis","Female","63","0634","851"
"Lana","Brown","Female","70","8055","488"
"Kirsten","Adams","Female","66","6136","072"
"Arthur","Evans","Male","67","8434","207"
"Sam","Hill","Male","67","4569","436"
"Sabrina","Ellis","Female","65","7968","511"
"Gianna","Harper","Female","70","0557","530"
"Eddy","Hamilton","Male","68","3389","590"
"Roman","Casey","Male","62","9938","640"
"Mike","Wells","Male","70","4903","005"
"Charlie","Campbell","Male","64","3612","283"
"Eleanor","Mason","Female","66","7258","208"
"Ellia","Riley","Female","61","7851","423"
"Evelyn","Adams","Female","64","5737","800"
"Florrie","Stevens","Female","64","2119","764"
"Paige","Davis","Female","62","6571","555"
"Evelyn","Riley","Female","67","7575","568"
"Richard","Adams","Male","61","4285","151"
"Arianna","Armstrong","Female","70","7796","847"
"Ned","Myers","Male","64","4501","314"
"Clark","Miller","Male","62","6900","250"
"Marcus","Baker","Male","70","5641","425"
"Antony","Hunt","Male","65","6866","685"
"Jordan","Kelley","Male","68","9787","574"
"Abraham","Wells","Male","63","3265","235"
"Arthur","Clark","Male","64","9716","137"
"George","Parker","Male","60","0408","696"
"Isabella","Russell","Female","67","3487","388"
"Kirsten","Harris","Female","63","0615","540"
"Sawyer","Henderson","Male","63","4761","415"
"Camila","Kelley","Female","64","9079","549"
"Lydia","Sullivan","Female","62","5103","380"
"Adison","Johnston","Male","61","3048","311"
"Luke","Miller","Male","63","0047","997"
"Robert","Hamilton","Male","60","0764","935"
"Wilson","Hill","Male","67","1609","823"
"Heather","Henderson","Female","60","2234","713"
"Arianna","Mitchell","Female","60","6398","679"
"Daniel","Miller","Male","66","6588","177"
"Deanna","Craig","Female","67","8221","627"
"Carina","Anderson","Female","70","7733","360"
"Preston","Montgomery","Male","66","6714","913"
"Briony","Crawford","Female","70","4079","541"
"Fiona","Chapman","Female","61","9387","673"
"Wilson","Hall","Male","68","2658","372"
"Carl","Lloyd","Male","70","8568","520"
"Rafael","Murray","Male","65","7063","716"
"Caroline","Howard","Female","65","3821","216"
"Amy","Johnston","Female","66","6834","734"
"Justin","Campbell","Male","63","0052","958"
"Eric","Rogers","Male","68","0805","772"
"Robert","Andrews","Male","61","4264","040"
"Adam","Alexander","Male","64","1802","309"
"Ashton","Cunningham","Male","70","5348","910"
"Fiona","Watson","Female","69","6014","504"
"Isabella","Chapman","Female","64","0769","159"
"Maximilian","Dixon","Male","61","2531","054"
"Blake","Walker","Male","63","3834","166"
"Stella","Wright","Female","67","8676","142"
"Jasmine","Cameron","Female","62","1671","979"
"Alen","Harris","Male","69","8770","882"
"Jack","Carter","Male","68","7612","953"
"David","Owens","Male","69","1498","394"
"Adelaide","Mitchell","Female","66","7500","920"
"Julian","Barnes","Male","62","5687","371"
"Heather","Scott","Female","61","3609","428"
"Brooke","Hunt","Female","67","8692","235"
"Paul","Bennett","Male","60","0075","175"
"Isabella","Walker","Female","62","0565","943"
"Andrew","Carroll","Male","66","8536","369"
"Natalie","Clark","Female","65","9779","496"
"Kelvin","Ellis","Male","65","1731","253"
"Julia","Davis","Female","63","3298","521"
"Alberta","Barrett","Female","65","8901","896"
"Ryan","Williams","Male","62","7682","846"
"Michelle","Tucker","Female","68","5087","083"
"Carina","Hill","Female","60","0903","211"
"Lucas","Montgomery","Male","67","0649","340"
"Maximilian","Williams","Male","61","1528","296"
"Paige","Morgan","Female","69","3609","054"
"Daisy","Johnston","Female","61","1326","523"
"Daryl","Nelson","Male","64","5897","705"
"Carl","Allen","Male","68","7733","150"
"Richard","Williams","Male","65","5935","288"
"Clark","Riley","Male","69","8089","856"
"Julian","Douglas","Male","64","8575","980"
"Sienna","Harper","Female","60","6490","988"
"Bruce","Sullivan","Male","61","3717","961"
"Lily","Hall","Female","69","0100","213"
"Dainton","Moore","Male","61","2646","784"
"Ellia","Barrett","Female","69","4383","231"
"Isabella","Owens","Female","60","8041","535"
"Isabella","Elliott","Female","61","1944","700"
"Kristian","Henderson","Male","65","4646","855"
"Brooke","Clark","Female","60","5256","578"
"Daryl","Owens","Male","64","9769","710"
"Hailey","Moore","Female","69","1340","090"
"Sofia","Carter","Female","65","5930","442"
"Thomas","Carter","Male","65","0351","800"
"Miley","Baker","Female","67","7050","818"
"Catherine","Robinson","Female","65","4565","036"
"Eleanor","Barnes","Female","69","1600","314"
"Valeria","Morrison","Female","62","8295","002"
"Ada","Edwards","Female","69","8074","290"
"Kate","Owens","Female","70","9130","812"
"Kelvin","Stewart","Male","67","0145","341"
"Heather","Cameron","Female","65","6929","649"
"Charlotte","Nelson","Female","68","0606","240"
"Lily","Roberts","Female","60","5184","878"
"Maria","Ferguson","Female","63","4298","275"
"Kristian","Hawkins","Male","60","4540","835"
"Ted","Payne","Male","61","1263","957"
"Caroline","Wright","Female","60","5418","051"
"Ryan","Johnston","Male","60","3498","599"
"Frederick","Davis","Male","67","5938","586"
"John","Barnes","Male","68","0021","517"
"Cadie","Clark","Female","69","2077","702"
"Florrie","Davis","Female","64","6937","482"
"Bruce","Holmes","Male","69","6452","878"
"Patrick","Gray","Male","61","2263","189"
"Daniel","Phillips","Male","63","3479","426"
"Miller","Walker","Male","60","3817","104"
"Stella","Kelly","Female","69","6335","198"
"Tyler","Evans","Male","61","2137","817"
"Henry","Bennett","Male","64","8330","377"
"Maddie","Cooper","Female","62","4461","291"
"Arnold","Cunningham","Male","67","7871","720"
"Henry","Harrison","Male","62","8831","023"
"Wilson","Harris","Male","66","0322","146"
"Sam","Fowler","Male","67","3173","925"
"Thomas","Wells","Male","66","0792","019"
"Abraham","Ellis","Male","61","8941","147"
"Annabella","Elliott","Female","61","4021","115"
"Kimberly","Holmes","Female","61","5574","164"
"Sofia","Kelley","Female","70","5696","611"
"Sienna","Fowler","Female","60","2813","642"
"Kelvin","Gibson","Male","64","7874","419"
"William","Kelley","Male","61","4518","420"
"Grace","Lloyd","Female","67","5325","395"
"Oliver","Gray","Male","66","7958","205"
"Sarah","Brooks","Female","62","0252","950"
"Violet","Martin","Female","65","2981","041"
"Aston","Williams","Male","63","3487","040"
"Evelyn","Ryan","Female","66","4481","200"
"Amber","Stevens","Female","68","5504","948"
"Sarah","Lloyd","Female","60","0738","738"
"Carina","Thomas","Female","63","2333","526"
"Haris","Johnston","Male","69","2595","013"
"Ryan","Ferguson","Male","67","9951","567"
"Paige","Martin","Female","66","7509","229"
"Aldus","Smith","Male","65","1559","907"
"Connie","Evans","Female","66","7727","105"
"Caroline","Hill","Female","63","9257","022"
"Sabrina","Richardson","Female","65","0641","363"
"Adrianna","Alexander","Female","70","9926","686"
"Wilson","Clark","Male","70","0548","073"
"April","Hamilton","Female","63","0537","493"
"April","Ryan","Female","69","9804","716"
"Honey","Walker","Female","62","4314","497"
"Sawyer","Chapman","Male","64","4431","578"
"Eleanor","Farrell","Female","64","8811","020"
"Michelle","Andrews","Female","70","4035","433"
"Sam","Brown","Male","62","8856","565"
"Harold","Perkins","Male","65","9389","605"
"Leonardo","Richards","Male","67","8809","364"
"Brianna","Murphy","Female","68","2603","103"
"Miley","Bennett","Female","60","8329","232"
"Jenna","Harrison","Female","61","0531","860"
"Tara","Sullivan","Female","64","1714","423"
"Kelvin","Montgomery","Male","70","8476","246"
"Wilson","Evans","Male","64","7218","412"
"Tyler","Henderson","Male","61","0563","967"
"Abraham","Alexander","Male","64","7447","268"
"Freddie","Dixon","Male","60","0286","426"
"Rafael","Morris","Male","69","0967","574"
"Luke","Williams","Male","60","1410","276"
"Agata","Turner","Female","66","5481","554"
"Aiden","Riley","Male","65","7773","146"
"Charlie","Richards","Male","61","8066","611"
"Leonardo","Martin","Male","69","4547","856"
"Michelle","Mitchell","Female","64","7266","515"
"Fenton","Farrell","Male","60","6537","792"
"Haris","Walker","Male","62","8056","069"
"Miller","Williams","Male","61","0786","859"
"Tony","Wright","Male","63","8171","722"
"Rafael","Edwards","Male","67","3740","535"
"Reid","Murray","Male","69","1426","358"
"Maya","Casey","Female","64","9899","742"
"Cadie","Edwards","Female","64","2883","759"
"Charlotte","Anderson","Female","62","6740","439"
"Chloe","Casey","Female","67","7108","908"
"Brianna","Johnston","Female","69","7398","307"
"Deanna","Evans","Female","61","1146","542"
"Miley","Russell","Female","61","3252","969"
"David","Johnston","Male","62","0480","032"
"Belinda","Armstrong","Female","67","9835","739"
"Chester","Thomas","Male","64","1058","474"
"Oliver","Turner","Male","62","4196","707"
"Fiona","Russell","Female","68","9279","598"
"Spike","Ellis","Male","61","5008","527"
"Sienna","Murphy","Female","61","0436","239"
"Edgar","Bennett","Male","69","8263","828"
"Naomi","Payne","Female","63","3599","687"
"Walter","Parker","Male","64","7710","998"
"Aida","Walker","Female","69","3237","938"
"Emma","Mason","Female","65","8304","589"
"Blake","Smith","Male","68","9517","800"
"Tess","Higgins","Female","62","4795","936"
"Steven","Barnes","Male","67","6312","967"
"Belinda","Myers","Female","70","0910","454"
"Sam","Crawford","Male","70","5528","936"
"Miller","Parker","Male","68","8211","504"
"Arianna","Wright","Female","63","6073","131"
"Derek","Foster","Male","67","9880","009"
"Elise","Davis","Female","64","3792","603"
"Emily","Mason","Female","68","1402","157"
"Florrie","Owens","Female","70","7144","807"
"Adele","Casey","Female","62","5137","202"
"Daryl","Chapman","Male","67","3893","077"
"Sofia","Rogers","Female","66","6722","758"
"Adele","Kelley","Female","66","1417","987"
"Roland","Lloyd","Male","65","3103","247"
"George","Martin","Male","70","2145","097"
"Adele","Roberts","Female","64","8920","333"
"Annabella","Tucker","Female","66","2214","949"
"Fenton","Tucker","Male","61","6766","941"
"Carl","Anderson","Male","61","1733","124"
"Madaline","Murray","Female","66","9455","958"
"Amy","Morrison","Female","63","4012","085"
"Lilianna","Richardson","Female","61","1072","805"
"John","Baker","Male","69","9456","150"
"Mike","Kelley","Male","67","2088","568"
"Edgar","Stewart","Male","62","0746","757"
"Evelyn","Ross","Female","69","6255","466"
"Marcus","Murphy","Male","66","7647","675"
"Kirsten","Armstrong","Female","65","5152","216"
"Blake","Allen","Male","70","8299","391"
"Alberta","Myers","Female","66","2013","469"
"Melanie","Barnes","Female","67","7129","086"
"Eddy","Russell","Male","67","7142","771"
"Jordan","Stewart","Male","62","0873","581"
"Nicole","Carter","Female","66","2731","074"
"Chloe","Owens","Female","60","3053","326"
"Amelia","Murphy","Female","68","8048","754"
"Nicholas","Hill","Male","63","0646","839"
"Elise","Ross","Female","68","6989","308"
"Bruce","Thomas","Male","65","1635","817"
"Caroline","Payne","Female","65","9643","336"
"Naomi","Tucker","Female","64","8826","616"
"Kate","Myers","Female","67","1769","995"
"Jordan","Myers","Male","60","0358","678"
"Walter","Taylor","Male","70","1624","115"
"Cherry","Martin","Female","70","4805","718"
"Sabrina","Cooper","Female","68","1575","091"
"Maddie","Robinson","Female","65","1447","587"
"Nicole","Cooper","Female","63","3809","593"
"Arianna","Harris","Female","70","1409","169"
"Melissa","Wilson","Female","69","1567","965"
"April","Bailey","Female","63","6272","323"
"Marcus","Nelson","Male","62","4724","220"
"Elian","Johnston","Male","60","5894","517"
"David","Carroll","Male","63","6406","838"
"Lenny","Tucker","Male","69","9208","617"
"Jared","Lloyd","Male","60","1583","350"
"Freddie","Fowler","Male","60","6536","340"
"Abigail","Perry","Female","67","6096","810"
"Jack","Perkins","Male","67","9260","927"
"James","Evans","Male","64","3811","611"
"Haris","Miller","Male","68","1490","955"
"Oscar","Ryan","Male","64","8389","038"
"Abraham","Cole","Male","64","5539","000"
"Albert","Riley","Male","70","1169","571"
"Lyndon","Perkins","Male","60","1255","491"
"Camila","Johnson","Female","60","9573","660"
"Tess","Craig","Female","66","2723","832"
"Isabella","Robinson","Female","67","6627","878"
"Samantha","Warren","Female","63","2198","363"
"Spike","Elliott","Male","69","4630","893"
"Gianna","Hamilton","Female","67","9769","497"
"Alen","Watson","Male","63","7167","797"
"Mary","Miller","Female","63","3834","454"
"Aida","Smith","Female","64","7019","539"
"Ashton","Johnston","Male","70","8510","943"
"Ryan","Myers","Male","67","8010","667"
"Harold","Turner","Male","70","1604","744"
"Harold","Brown","Male","61","4310","583"
"Ted","Davis","Male","62","4295","104"
"Abraham","Barrett","Male","68","7526","870"
"Fenton","Richardson","Male","64","2705","896"
"Adison","Smith","Male","64","0895","345"
"Oscar","Davis","Male","62","4574","199"
"Rubie","Robinson","Female","60","4356","601"
"Leonardo","Sullivan","Male","67","4970","277"
"Alissa","Mitchell","Female","62","1669","854"
"Miranda","Harrison","Female","62","5211","705"
"Florrie","Wright","Female","67","0627","339"
"Sam","Spencer","Male","64","0986","255"
"Dominik","Roberts","Male","68","4428","210"
"Justin","Riley","Male","61","0131","670"
"Joyce","Wright","Female","68","2423","593"
"Jessica","Parker","Female","63","4794","381"
"Eric","Grant","Male","64","4026","157"
"Roman","Sullivan","Male","68","5488","643"
"Amy","Wright","Female","70","3660","679"
"Ned","Anderson","Male","69","7427","607"
"Caroline","Evans","Female","69","7434","879"
"Vivian","Spencer","Female","63","0177","780"
"Aston","Dixon","Male","64","1495","617"
"Dominik","Wright","Male","63","4333","205"
"Dale","Phillips","Male","64","3128","122"
"Roland","Cameron","Male","64","7605","573"
"Miley","Campbell","Female","66","4159","554"
"Adelaide","Hill","Female","68","6696","699"
"Spike","Evans","Male","61","5012","317"
"Roman","Wright","Male","66","4730","220"
"Richard","Crawford","Male","62","1230","064"
"Arthur","Tucker","Male","62","1810","020"
"Spike","Parker","Male","63","9818","086"
"Patrick","Perry","Male","70","2641","210"
"Deanna","Cole","Female","67","4056","024"
"Richard","Morgan","Male","65","7074","911"
"Adison","Dixon","Male","63","4443","659"
"Julian","Taylor","Male","68","3948","551"
"Brianna","Richards","Female","61","2652","672"
"Arthur","Howard","Male","68","7838","917"
"Eddy","Cunningham","Male","63","0449","464"
"Michael","Ferguson","Male","63","9568","216"
"Sophia","Richards","Female","67","9966","665"
"Violet","Chapman","Female","67","6273","115"
"Catherine","Spencer","Female","64","2456","329"
"Blake","Turner","Male","60","3833","567"
"Tyler","Hunt","Male","67","1332","004"
"Paige","Kelly","Female","70","1446","509"
"Nicole","Rogers","Female","61","9985","559"
"Martin","Campbell","Male","64","4178","054"
"Samantha","Jones","Female","66","0845","832"
"Paul","Higgins","Male","62","3292","126"
"Aiden","Holmes","Male","64","1357","603"
"Carina","Baker","Female","64","8205","411"
"Kate","Gibson","Female","69","3539","387"
"Adelaide","Hawkins","Female","61","2935","617"
"Jacob","Grant","Male","67","3881","950"
"Kimberly","Hall","Female","63","2792","849"
"John","Mason","Male","60","1649","979"
"Sawyer","Richardson","Male","69","6454","590"
"Michelle","Brooks","Female","62","3788","053"
"Alfred","West","Male","60","7384","560"
"Savana","Jones","Female","70","0755","995"
"Agata","Harrison","Female","66","6302","636"
"Antony","Taylor","Male","64","8354","501"
"Thomas","Douglas","Male","61","4672","801"
"Alisa","Sullivan","Female","64","8072","166"
"Kellan","Kelley","Male","67","3823","608"
"Frederick","Douglas","Male","70","5594","385"
"Dexter","Harrison","Male","60","4814","729"
"Brooke","Miller","Female","70","2856","216"
"Evelyn","Grant","Female","64","1874","444"
"Dainton","Brooks","Male","64","1264","308"
"Michael","Payne","Male","69","7932","776"
"Sabrina","Holmes","Female","61","5751","622"
"Alberta","Walker","Female","66","4033","136"
"Sienna","Hill","Female","64","7428","897"
"Frederick","Watson","Male","61","8283","907"
"Aldus","Reed","Male","69","3402","628"
"Victoria","Martin","Female","64","7633","057"
"Brianna","Brown","Female","61","9358","293"
"Nicholas","Reed","Male","61","6099","589"
"Daryl","Murray","Male","64","4411","152"
"Tess","Armstrong","Female","67","9774","955"
"Tyler","Anderson","Male","63","2377","312"
"Emily","Armstrong","Female","65","8484","838"
"Sydney","Smith","Female","63","4884","774"
"Nicole","Bailey","Female","63","6042","058"
"Roland","Carroll","Male","60","1272","633"
"Vivian","Cunningham","Female","60","5860","388"
"Rafael","Higgins","Male","68","2770","847"
"Gianna","Davis","Female","70","7269","064"
"Alexia","Elliott","Female","68","5537","747"
"Brianna","Tucker","Female","62","3679","496"
"Wilson","Phillips","Male","69","6222","176"
"Melissa","Morgan","Female","63","4701","716"
"Edith","Harris","Female","66","0090","241"
"Dexter","Gibson","Male","64","5185","116"
"Lydia","Bennett","Female","61","7714","446"
"Ada","Lloyd","Female","62","3501","688"
"Max","Warren","Male","70","0211","612"
"Jacob","Hall","Male","61","8383","306"
"Daniel","Henderson","Male","60","3186","285"
"Alisa","Ross","Female","70","0043","063"
"Ellia","Wells","Female","66","9211","198"
"Lilianna","Rogers","Female","67","5366","453"
"James","Ferguson","Male","64","5615","789"
"Briony","Cameron","Female","67","6723","750"
"Aston","Richardson","Male","68","4158","985"
"Frederick","Perkins","Male","65","3057","846"
"Charlotte","Howard","Female","61","4820","059"
"Kimberly","Wilson","Female","70","1574","804"
"Melissa","Farrell","Female","63","0397","036"
"Ashton","Ross","Male","68","4982","984"
"Isabella","Johnson","Female","61","0556","446"
"Clark","Walker","Male","69","6016","750"
"Patrick","Robinson","Male","66","0549","568"
"Miller","Bennett","Male","60","2956","981"
"Abraham","Stevens","Male","63","0169","343"
"Rafael","Henderson","Male","62","1019","147"
"Rosie","Hunt","Female","63","8960","991"
"Lydia","Kelly","Female","68","8105","748"
"Abraham","Kelley","Male","70","8425","561"
"Lucia","Armstrong","Female","61","6405","736"
"Oliver","Ferguson","Male","64","4896","249"
"Kirsten","Gray","Female","63","3801","102"
"Dainton","Gibson","Male","70","1111","473"
"Catherine","Wilson","Female","65","0178","892"
"Melissa","Ferguson","Female","60","2240","811"
"Adrian","Spencer","Male","60","9245","358"
"Jordan","Morgan","Male","67","6609","428"
"Alexander","Gray","Male","66","8513","197"
"Samantha","Phillips","Female","60","7382","687"
"Charlotte","Jones","Female","61","0555","011"
"Tyler","Ellis","Male","68","2146","567"
"Vanessa","Chapman","Female","70","1802","906"
"Hailey","Williams","Female","61","4428","677"
"Adison","Campbell","Male","69","6846","454"
"Caroline","Mitchell","Female","64","7756","311"
"Melanie","Payne","Female","67","7208","424"
"Vanessa","Casey","Female","66","3530","180"
"Tony","Roberts","Male","64","5609","884"
"Miranda","Turner","Female","68","9391","752"
"Joyce","Bennett","Female","61","7250","808"
"Frederick","Mason","Male","64","8545","560"
"Carl","West","Male","66","6377","363"
"Jordan","Warren","Male","62","7189","406"
"Derek","Lloyd","Male","65","4410","871"
"Camila","Anderson","Female","64","5985","020"
"Lydia","Davis","Female","69","6679","865"
"Tony","Fowler","Male","69","6944","277"
"Myra","Carroll","Female","69","2036","358"
"Haris","Douglas","Male","62","2325","258"
"Rosie","Allen","Female","70","2492","758"
"Sydney","Howard","Female","69","6991","638"
"Kirsten","Kelley","Female","60","0235","610"
"Jasmine","Turner","Female","70","9321","143"
"Aldus","Cole","Male","61","8103","315"
"Carl","Russell","Male","63","6745","780"
"Lana","Thompson","Female","61","2884","839"
"Andrew","Grant","Male","60","2089","910"
"Lucia","Robinson","Female","68","9727","709"
"Antony","Ryan","Male","60","9246","750"
"Lucia","Watson","Female","63","3662","063"
"Sienna","Howard","Female","68","3731","286"
"Andrew","Holmes","Male","62","9498","313"
"Brianna","Carter","Female","62","8894","590"
"Madaline","Farrell","Female","61","5819","499"
"Byron","Cole","Male","70","9241","202"
"Paul","Elliott","Male","70","4453","885"
"Nicholas","Harrison","Male","67","1714","817"
"Roman","Tucker","Male","66","6412","583"
"Audrey","Cooper","Female","62","3595","806"
"Deanna","Kelly","Female","66","6945","451"
"Myra","Howard","Female","64","5465","192"
"Andrew","Riley","Male","61","8256","265"
"Antony","Ross","Male","68","5221","184"
"Maddie","Harrison","Female","60","6839","746"
"Paige","Harrison","Female","63","4802","859"
"Vincent","Cunningham","Male","60","2507","508"
"Rafael","Martin","Male","66","1479","478"
"Jordan","Farrell","Male","63","2841","879"
"Garry","Holmes","Male","66","2906","056"
"Ned","Douglas","Male","68","7324","887"
"Amy","Clark","Female","70","7327","184"
"George","Foster","Male","69","7014","154"
"Robert","Crawford","Male","70","5796","789"
"Isabella","Mitchell","Female","67","9992","129"
"Violet","Allen","Female","64","8510","059"
"Jacob","Robinson","Male","70","0472","655"
"Rosie","Cunningham","Female","66","2970","609"
"Reid","Harrison","Male","67","1556","445"
"Isabella","Davis","Female","63","7218","597"
"Violet","Hunt","Female","62","6310","488"
"Isabella","Thompson","Female","68","9950","828"
"Roman","Scott","Male","66","1965","047"
"Isabella","Watson","Female","70","8989","724"
"Rafael","Kelley","Male","65","0254","570"
"Rubie","Stevens","Female","61","3397","048"
"Carlos","Williams","Male","69","1993","419"
"James","Ryan","Male","70","1665","539"
"Maya","Evans","Female","69","5183","848"
"Cadie","Chapman","Female","60","6024","400"
"Adrianna","Barrett","Female","68","7082","598"
"Daryl","Richardson","Male","60","1939","007"
"Dexter","Andrews","Male","70","8154","099"
"Steven","Cooper","Male","67","0053","302"
"Maya","Harper","Female","69","0383","939"
"William","Perkins","Male","70","2275","854"
"James","Richardson","Male","70","7238","066"
"Preston","Murphy","Male","67","1535","329"
"Alina","Nelson","Female","62","5957","664"
"Richard","Elliott","Male","63","4376","561"
"Kate","Harris","Female","65","2707","491"
"Adelaide","Harrison","Female","60","6787","767"
"Byron","Walker","Male","60","3957","475"
"Thomas","Barnes","Male","67","0602","675"
"Grace","Payne","Female","66","0445","058"
"Agata","Russell","Female","69","6299","302"
"Sophia","Alexander","Female","61","2341","037"
"Anna","Murphy","Female","62","2804","501"
"Dexter","Hunt","Male","68","9200","471"
"Spike","Wilson","Male","69","8670","963"
"Ned","Davis","Male","63","0731","159"
"Kristian","Harrison","Male","67","7692","583"
"Elise","Elliott","Female","64","8962","461"
"Amelia","Riley","Female","63","7032","105"
"Alissa","Richards","Female","67","8960","260"
"Emma","Myers","Female","65","2308","407"
"Reid","Parker","Male","69","6014","346"
"Penelope","Casey","Female","60","0952","985"
"Albert","Dixon","Male","62","5412","229"
"Tony","Gray","Male","61","0617","013"
"Sydney","Hawkins","Female","70","6723","075"
"Andrew","Taylor","Male","65","4898","211"
"Florrie","Ross","Female","62","0407","950"
"Tony","Wells","Male","63","8990","200"
"Stella","Carter","Female","68","4894","883"
"Sophia","Henderson","Female","68","5314","049"
"Melanie","Russell","Female","62","3198","444"
"Mary","Higgins","Female","60","0402","415"
"Julian","Hawkins","Male","64","7135","283"
"Spike","Farrell","Male","68","6153","814"
"Violet","Perry","Female","62","4539","648"
"Roman","Johnston","Male","61","0132","196"
"Cherry","Cooper","Female","60","0842","654"
"Tiana","Murray","Female","65","7264","501"
"Ellia","Cameron","Female","62","6605","103"
"Evelyn","Henderson","Female","64","3274","108"
"Madaline","Cole","Female","70","0297","720"
"Lucia","Fowler","Female","61","3261","530"
"Dainton","Cameron","Male","64","9270","184"
"Thomas","Montgomery","Male","70","1968","891"
"Frederick","Farrell","Male","64","9790","603"
"Violet","Evans","Female","70","5059","379"
"Myra","Phillips","Female","67","0860","134"
"Ashton","Allen","Male","60","3684","418"
"Rafael","Hill","Male","69","5045","301"
"Haris","Barrett","Male","65","7445","332"
"Fenton","Carter","Male","60","7438","389"
"Gianna","Douglas","Female","63","1081","738"
"April","Murphy","Female","63","8713","850"
"Maria","Myers","Female","61","5443","072"
"Derek","Rogers","Male","65","4743","585"
"Jessica","Cameron","Female","66","2873","049"
"Rosie","Hall","Female","60","4744","156"
"Sienna","Mason","Female","68","3986","146"
"Bruce","Gibson","Male","68","6141","405"
"Miranda","Mitchell","Female","62","3394","970"
"Lucas","Johnson","Male","67","8210","113"
"Cherry","Crawford","Female","67","0246","012"
"Aida","Wells","Female","62","0107","950"
"Arianna","Carroll","Female","68","7447","128"
"Sam","Holmes","Male","61","5908","557"
"Maddie","Montgomery","Female","69","4817","297"
"Edgar","Armstrong","Male","62","0782","860"
"Roland","Edwards","Male","69","2705","978"
"Lana","Bennett","Female","60","6045","774"
"Dexter","Morris","Male","68","9431","676"
"Fenton","Warren","Male","64","1388","143"
"Victoria","Casey","Female","60","7300","795"
"Carlos","Casey","Male","63","1437","188"
"Dominik","Lloyd","Male","60","7400","161"
"Catherine","Turner","Female","68","3496","323"
"Julian","Ryan","Male","67","2013","961"
"Edward","Roberts","Male","67","5031","811"
"Martin","Nelson","Male","67","4252","935"
"James","Morgan","Male","68","3277","447"
"Adrian","Clark","Male","66","9864","102"
"Aldus","Thompson","Male","63","4686","430"
"Violet","Baker","Female","70","7271","268"
"Ryan","Hawkins","Male","60","9575","019"
"Sydney","Ryan","Female","63","1178","152"
"Jenna","Harper","Female","68","2188","433"
"Rebecca","Hill","Female","68","7629","145"
"Eleanor","Murray","Female","66","4770","027"
"Darcy","Baker","Female","68","5584","595"
"Martin","Crawford","Male","64","1067","652"
"Alina","Clark","Female","66","4885","004"
"Dale","Williams","Male","68","6789","919"
"Fiona","Walker","Female","62","4646","806"
"Adelaide","Hall","Female","69","5418","068"
"Amy","Edwards","Female","65","5437","635"
"Melissa","Richardson","Female","60","9355","921"
"Savana","Ryan","Female","62","6487","178"
"John","Taylor","Male","69","0169","035"
"Daryl","Cole","Male","69","3879","990"
"Dale","Craig","Male","61","9411","259"
"Olivia","Watson","Female","61","9191","181"
"Sofia","Grant","Female","64","0960","583"
"Kellan","Andrews","Male","70","1008","949"
"Reid","Martin","Male","69","5562","951"
"Lenny","Wilson","Male","61","4636","271"
"Belinda","Campbell","Female","66","1509","401"
"Audrey","Sullivan","Female","65","5053","052"
"Dexter","Moore","Male","66","2837","610"
"Freddie","Cunningham","Male","69","1606","632"
"Wilson","Crawford","Male","65","5847","188"
"Melissa","Foster","Female","70","2918","623"
"Sydney","Harris","Female","61","4871","966"
"Vanessa","Clark","Female","64","9866","330"
"Albert","Ryan","Male","62","8179","613"
"Abigail","Scott","Female","70","4351","742"
"Camila","Harrison","Female","66","5976","120"
"Samantha","Evans","Female","69","8247","142"
"Adrianna","Hamilton","Female","69","4344","682"
"Reid","Carroll","Male","66","5713","860"
"Savana","Holmes","Female","60","6849","846"
"Lucy","Stewart","Female","60","7996","267"
"Florrie","Thomas","Female","69","4517","396"
"Sienna","Gibson","Female","61","9791","530"
"Maddie","Johnston","Female","67","8947","268"
"Luke","Henderson","Male","69","1319","072"
"Daryl","Carter","Male","64","2724","851"
"Roman","Roberts","Male","64","7388","595"
"Adison","Edwards","Male","67","1291","524"
"Daryl","Jones","Male","69","1620","516"
"Walter","Hawkins","Male","67","4597","758"
"Madaline","Hawkins","Female","65","1308","885"
"Harold","Williams","Male","63","3350","611"
"David","Foster","Male","66","6274","462"
"Harold","Taylor","Male","67","1966","990"
"Elise","Murphy","Female","67","3277","705"
"Florrie","Warren","Female","70","6795","508"
"Ellia","Gibson","Female","62","3988","621"
"Michael","Carroll","Male","61","9040","552"
"Brad","Warren","Male","64","2948","813"
"Grace","Perry","Female","69","8695","413"
"Leonardo","Harris","Male","61","5972","536"
"Penelope","Evans","Female","68","2663","391"
"Nicholas","Kelly","Male","63","4699","905"
"Roland","Rogers","Male","64","1130","515"
"Adison","Brooks","Male","70","1081","813"
"Valeria","Bennett","Female","65","3458","983"
"Elise","Wright","Female","61","1807","485"
"Kate","Harper","Female","64","2549","650"
"Oliver","Hall","Male","67","2560","055"
"Alisa","Richardson","Female","64","2676","945"
"Kristian","Johnston","Male","63","0337","297"
"Chloe","Stevens","Female","63","6724","452"
"Aston","Ryan","Male","65","8787","720"
"Steven","Jones","Male","66","7924","955"
"Carl","Cameron","Male","62","6955","085"
"Ned","Cameron","Male","63","6811","736"
"Alan","Hall","Male","64","5499","237"
"Mike","Harrison","Male","70","6678","035"
"Tiana","Carroll","Female","60","3061","797"
"Lily","Douglas","Female","67","1566","521"
"Samantha","Bailey","Female","67","5103","205"
"Ned","Fowler","Male","67","1444","021"
"Amelia","Williams","Female","61","5110","718"
"Brianna","Anderson","Female","68","3203","840"
"Clark","Grant","Male","65","4854","257"
"Valeria","Walker","Female","67","8051","315"
"Aldus","Wells","Male","69","7324","060"
"Antony","Turner","Male","66","1076","504"
"Ted","Carroll","Male","61","1493","516"
"Arthur","Mason","Male","61","7347","438"
"Jessica","Armstrong","Female","62","3962","410"
"Sofia","Warren","Female","60","2879","688"
"Paige","Russell","Female","70","3019","890"
"Lyndon","Kelley","Male","69","8741","173"
"Roman","Edwards","Male","62","4012","216"
"Michelle","Craig","Female","64","2294","354"
"Tyler","Brown","Male","60","1725","526"
"Vanessa","Scott","Female","66","5884","625"
"Patrick","Thompson","Male","62","3900","227"
"Aida","Phillips","Female","61","4263","041"
"Kate","Harrison","Female","69","6433","077"
"Andrew","Bailey","Male","65","6094","699"
"Mary","Brooks","Female","68","8815","515"
"Alford","Stewart","Male","64","4631","788"
"Vivian","Owens","Female","60","1881","085"
"Rubie","Turner","Female","70","7017","909"
"Emma","Ferguson","Female","66","2501","453"
"Alina","Elliott","Female","63","3328","186"
"Amber","Watson","Female","68","5463","181"
"Nicole","Perkins","Female","65","0342","978"
"Clark","Parker","Male","63","3269","338"
"Jessica","Craig","Female","64","1279","790"
"Justin","Gray","Male","64","2508","980"
"William","Allen","Male","69","3909","947"
"Jessica","Riley","Female","63","6030","392"
"Caroline","Allen","Female","60","1472","695"
"Agata","Harper","Female","66","1518","738"
"Camila","Carter","Female","67","2249","594"
"Tara","Wright","Female","64","9081","486"
"Aston","Carter","Male","60","9257","316"
"Paige","Bennett","Female","67","8326","648"
"Lyndon","Dixon","Male","60","7468","102"
"Charlotte","Hawkins","Female","60","4324","610"
"Maria","Watson","Female","64","6105","807"
"Madaline","Hunt","Female","68","9240","745"
"Adelaide","Casey","Female","68","6413","461"
"Owen","Barnes","Male","67","1600","297"
"Arnold","Tucker","Male","61","4177","741"
"Tara","Anderson","Female","63","4985","782"
"Daniel","Morgan","Male","66","8860","778"
"Briony","West","Female","64","6241","873"
"Abraham","Russell","Male","69","0693","705"
"Ned","Allen","Male","70","5816","020"
"Melissa","Jones","Female","68","8306","243"
"Gianna","Watson","Female","67","3352","373"
"Paul","Riley","Male","67","5296","846"
"Leonardo","Ellis","Male","65","7888","648"
"Brooke","Grant","Female","69","0970","331"
"Michelle","Gibson","Female","63","9246","343"
"James","Johnson","Male","65","6630","391"
"Dainton","Myers","Male","68","2129","922"
"Tara","Tucker","Female","64","6461","937"
"Alexia","Andrews","Female","68","5627","902"
"Byron","Howard","Male","68","8486","875"
"Reid","Wells","Male","68","8028","398"
"David","Miller","Male","70","3594","951"
"Adison","Kelly","Male","63","4856","923"
"Sienna","Farrell","Female","69","9786","369"
"Joyce","Hamilton","Female","69","4433","512"
"Amber","Phillips","Female","64","3068","967"
"Vincent","Sullivan","Male","68","2943","194"
"Kevin","Ferguson","Male","70","4479","508"
"Roman","Parker","Male","67","8897","509"
"Sydney","Mason","Female","64","7356","643"
"Ned","Wells","Male","65","4675","256"
"Lily","Robinson","Female","66","5493","083"
"Eleanor","Grant","Female","65","8633","590"
"Rosie","Carter","Female","63","1252","935"
"Reid","Turner","Male","60","0057","703"
"Audrey","Elliott","Female","68","9499","741"
"Briony","Craig","Female","60","8657","507"
"Roman","Campbell","Male","69","2446","272"
"Alberta","Wells","Female","68","3509","716"
"Alberta","Henderson","Female","70","8531","281"
"Sofia","Chapman","Female","68","6352","124"
"Joyce","Sullivan","Female","68","6064","314"
"Leonardo","Miller","Male","62","8590","808"
"Tiana","Bennett","Female","68","2381","810"
"Sabrina","Ferguson","Female","62","2229","404"
"Alina","Howard","Female","61","7049","992"
"Penelope","Harper","Female","61","8687","758"
"Lucas","Davis","Male","69","2663","979"
"Robert","Edwards","Male","70","8621","606"
"Stella","Dixon","Female","63","4078","642"
"Lucy","Robinson","Female","69","3873","454"
"Albert","Chapman","Male","60","1936","435"
"Valeria","Riley","Female","66","2976","550"
"Sam","Clark","Male","63","8550","692"
